2020-10-13 23:39:17+00:00,samikinsuke,"三回忌頃から光る未亡人

#テスト
#佐美欣亮
#シルバー川柳"
2020-12-01 13:28:21+00:00,popIn_Aladdin,"🛒楽天スーパーSALE🛍
年に一度の超特価スーパーSALE✨
今すぐメール登録でキャンペーンにエントリー"
2020-10-13 23:15:30+00:00,catv10,5 #テスト #試験
2020-10-13 23:09:24+00:00,samikinsuke,"化粧する昔話も化粧する

#テスト
#佐美欣亮
#シルバー川柳"
2020-10-13 23:05:38+00:00,idecostudy,"自習って環境が大事だよね！西宮甲東園駅すぐの高校生以上の学生向け自習スペース
IDECOSTUDY
お問い合わせはこちら(https://t.co/LlQVqTZJUc)
#自習 #受験 #テスト #西宮市 #甲東園 #甲南 #甲南大学 #関学 #関西学院大学 #神戸女学院 #試験 #定期テスト"
2020-10-13 23:05:23+00:00,MetalEnglish,"【メタル英語　単語】

●Revenge （リヴェンジ）復讐

#メタル英語　#受験 #テスト #英語 #TOEIC #英検 #勉強法 #基礎"
2020-10-13 22:50:57+00:00,sandaluneko28,ついにこの日が来てしまったのか...君達と戦いたくなんてないのに...！😭#テスト
2020-10-13 22:37:03+00:00,honohono_52,"おはよ︎︎❤︎
今日はテスト返却日、、、、泣
いい点数でありますように🤦🏻‍♀️💭
・
抹茶アイスバー🍨
美味しかったよ🥺オススメ。
 #ほのかのにっか  #テスト #高校生 
#宇治 #抹茶  #アイス https://t.co/v13W7Q0Rrb"
2020-10-13 22:29:31+00:00,Mk2chihiro,"テスト勉強中の小テストとか
鬼畜すぎる
今回の定期考査暗記ゲー
#勉強 #勉強垢でいいねした人全員フォロー #テスト #定期考査"
2020-10-13 22:07:01+00:00,faber_school,観察日記135｜ぽんマス #note #観葉植物 #実験 #観察 #ふぁーべる園芸部 #日記 #自然 #教育 #子育て #仕事 #学校 #やる気 #心理学 #勉強 #テスト #評価 #子ども #親 #自然と遊ぶ #自然に学ぶ #実感する学び #ゆっくり考える #たたき台 https://t.co/FNi283FrOC
2020-10-13 21:52:43+00:00,sibisuke_zx6r,"おはよう〜ございます！
今日は学校のテーストー！
まぁ当たり前だけど
テスト勉強なんかしてないよ〜！
成績には入んないテストなのでねー
まぁ200点超えればいいかな
 頑張っていってきます！！
 #学校 #テスト #成績 #学校の溜まり場トイレ はホントに溜まり場になる
 
社会人の方もお気を付けて！"
2020-10-13 21:14:44+00:00,EtqQhKStyqy0nK2,"おはココア！
今日はテスト2日目
今日の教科が乗り切れる気が
全くしないんですけど………
誰か助けてくれ〜〜(´TωT｀)
#ごちうさ好きと繋がりたい 
#アニメ好きな人RT・いいね 
#アニメ好きと繋がりたい 
#テスト https://t.co/wAjHaV55YS"
2020-10-13 20:37:45+00:00,iiwakeya,"テストが悪かったときの言い訳
【徹夜して勉強したため眠かった】
使いやすさ★★　リアリティ★
詳しい使い方はこちら→https://t.co/DzZvwdr8Pu
#言い訳　#テスト"
2020-10-13 20:15:23+00:00,catv10,4 #テスト #試験
2020-10-13 19:55:24+00:00,TjA0eBYB0Nj4Jix,てすっと #テスト #テースト
2020-10-13 18:45:22+00:00,catv10,2 #テスト #試験
2020-10-13 17:55:23+00:00,TjA0eBYB0Nj4Jix,テスト #テスト #テースト
2020-10-13 16:18:52+00:00,kekketest,#こんにちは #テスト
2020-10-13 16:12:52+00:00,syunrt_mathem,"久しぶりにだけど。テスト前日だから書く！！
・古典テスト
・助動詞10題ドリル
・古典音読　　・塾プリ
・UNITEやりなおし
・はりーぽったー勉強
・生物センサー2周目
・二次関数　・速読英単語
ぜったいに朝8:30から始めます。よろしくっ。。
#勉強垢 　＃テスト　＃数学　＃フォロバ100 　＃古典 https://t.co/ebZCziaAhf"
2020-10-13 15:47:19+00:00,Ngano89468361,"#テスト
テスト二日目終了！
物理終わった…"
2020-10-13 15:44:44+00:00,kuroibasu,"テストが近い時のキセキの世代。 

青峰ver 勉強しないタイプ。

俺に勝てんのは俺だけだ。 

#黒バス #青峰 #テスト https://t.co/Wctkt1jyoE"
2020-10-13 15:35:41+00:00,JK67311334,"ガルパ禁止生活2日目。
もはや何も感じなくなってしまった。
ガルパやりたいけど、テストがヤバいのでガルパどころではない😇
テストは後3日で終わる。
頑張りたいけど頑張れないー😭
カラオケのために頑張る〜。
25の為に頑張ろ(っ ॑꒳ ॑c)ﾜｸﾜｸ
#ひとりごと 
#青春したい
#テスト
#がんばる https://t.co/8xBbxfM1JI"
2020-10-13 15:29:36+00:00,TjA0eBYB0Nj4Jix,てっすと #テスト #テースト
2020-10-13 15:24:42+00:00,bmt2_k,#あまみ #あまみーと #あまみちゃ #テスト ##高収入
2020-10-13 15:21:10+00:00,mnstpiza,#テスト https://t.co/SHaD2vLls7
2020-10-13 15:19:11+00:00,wE7GjK2GbXvyDiE,"テストの結果が思ったよりも良くてビビり倒しました笑
#テスト"
2020-10-13 15:15:25+00:00,Pokemon9328,"明日は実力テスト(中間テスト)テスト勉強めっちゃしたしテスト範囲もしたしさぁ寝よう
テストやだぁぁぁぁぁぁぁぁぁぁぁぁぁぁぁぁぁ
#テスト"
2020-10-13 14:45:23+00:00,catv10,1 #テスト #試験
2020-10-13 14:39:17+00:00,samikinsuke,"還暦は「もう」と「まだ」とを使い分け

#テスト
#佐美欣亮
#シルバー川柳"
2020-10-13 14:32:26+00:00,tomoko22,"【👑計画順調❣💯】#コアトラ=#Coretrash で🎵今日は午後から #機材 #リハーサル でした‼🎉ずっと数時間 #テスト➠スマホでの #リモート #リハ 繋ぎながら #メンバー 皆で既にw楽し過ぎて最高っ❣😆🚀
頑張ってくれた🎞️ひろ&amp;かずま&amp;協力してくれたAさんに大感謝🎊💕わくわくな告知をお楽しみに〜!😍🌈 https://t.co/lUt8CJ8Xod"
2020-10-13 14:21:14+00:00,kei_3109,"明日のテストが分からな過ぎる
今日は徹夜かな٩( ᐛ )و
一夜漬けはダメってわかってるんだけどね…
前日にやらないと全部忘れてるんだよね〜〜ww
#明日
#テスト
#嫌
#まじで分からん
#今日も
#徹夜
#やるしかない"
2020-10-13 14:20:11+00:00,jackstudy102729,"今日は3時間くらいでした！
眠い😴
#勉強垢 #勉強垢と繋がりたい #勉強垢さんと一緒に頑張りたい #勉強中
#勉強 #勉強記録 #勉強ノート #べんきょう #テスト #テスト勉強 #高校生とつながりたい #高校生 https://t.co/2vX3PKhcdu"
2020-10-13 14:18:09+00:00,HinaMusic828,"テスト終わったぁ！疲れた...
やっぱ『シス×ラブ』フルで歌えるかも！
好きな曲って3回きけばだいたい覚えられるよね😂
時間と気力あったら1番全部とかのもレコしよっかな？
でも音源ナシってのがつらい...笑
#テスト
#HoneyWorks
#歌ってみた"
2020-10-13 14:15:26+00:00,catv10,3 #テスト #試験
2020-10-13 14:13:36+00:00,SD3info,"【#小高サラ】#Instagram 更新情報🍴

https://t.co/TefaaeMhaE

#ビスチェ #白ワンピ #白ワンピース #外ハネ #秋コーデ #秋ファッション #レトロガール #ランチ #高校生 #テスト #スタダ #スターダスト #スターダストプロモーション https://t.co/wOn6DSiiMt"
2020-10-13 14:09:22+00:00,samikinsuke,"喜寿過ぎの浮気は妻に励まされ

#テスト
#佐美欣亮
#シルバー川柳"
2020-10-13 14:05:37+00:00,idecostudy,"自習って環境が大事だよね！西宮甲東園駅すぐの高校生以上の学生向け自習スペース
IDECOSTUDY(https://t.co/5vdORWQzQo)
#自習 #受験 #テスト #西宮市 #甲東園 #甲南 #甲南大学 #関学 #関西学院大学 #神戸女学院 #試験 #定期テスト"
2020-10-13 14:04:42+00:00,Melbourne7latte,「あ」というこの求人、すごい気になる。応募してみる？笑　#マイナビ #マイナビワークス #求人情報 #テスト #てすと https://t.co/YADKVbO52r
2020-10-13 13:58:23+00:00,Kitunezushi_38,"テストめんどすぎる...。
助けて、アンパンマーン😭😭😭
#テスト #イラスト好きな人と繋がりたい #アンパンマン https://t.co/ZjtW2Ys9NM"
2020-10-13 13:58:02+00:00,TSUTAYA12745841,"コクヨの“「テスト前2週間」をサポートする最新文具”が記事になってまーす(^o^)

ぜーんぶ店頭にあるので、これからテスト期間に入る学生さん、頑張って下さいっ☆

#文具
#テスト
#study
 https://t.co/kVmgfmuK9Y"
2020-10-13 13:40:11+00:00,WEST64057416,"中間(なかま)テストがこれからのジャス…民orメン中学生のみなさーん🏫✋
調子はどう？笑笑
私普段、塾の先生をメインでやっているんだけど

勉強苦手な生徒の点数を上げるのが何気に得意なんだよね〜、これホントに📕

特に英語でお悩みの方✋
いたら何でも教えるから‼
もちろんタダでね🌈

#テスト"
2020-10-13 13:34:39+00:00,labo8877,"テスト対策は順調に進んでますか？😊
テスト勉強にはコツがあります！
コツを押さえて勉強をしないと点数は伸びません。
詳しくは↓コチラ↓
https://t.co/5k0t1YtRsX

#テスト
#対策
#スタディ
#ラボ
#福山市
#成績アップ"
2020-10-13 13:33:38+00:00,Koha_170327,"毎日キル6日目
今日はいつもよりキルできなくて投稿できないかもとスゴく焦りました笑笑 みんなも調子悪いときありますよね テストも明日でラストほんとがんばろ！ いいねだけでもお願いします🙇‍♂️🙇‍♂️
#荒野行動 #毎日キル #成長 #拡散 #拡散RT希望  #テスト https://t.co/rN1w4wgMSD"
2020-10-13 13:30:36+00:00,cifEsYChj0RcYDO,"テスト前だから休んでます 
#テスト
#嫌だ
#俺ガイル
#いろはす https://t.co/qG1oBGMZfA"
2020-10-13 13:28:40+00:00,jackstudy102729,"生物難しい､､､
#勉強垢 #勉強 #勉強垢と繋がりたい
#勉強垢さんと一緒に頑張りたい #勉強中 #べんきょう #勉強ノート #勉強記録 #テスト #テスト勉強 #テスト期間 #高校生 #高校生とつながりたい #生物 #生物基礎 https://t.co/SmA0uxTbip"
2020-10-13 13:13:34+00:00,Norizo_FN_,"明日と明後日テスト頑張ります！！
#中間テスト
#テスト"
2020-10-13 13:09:23+00:00,samikinsuke,"着メロに軍歌を入れて歳がバレ

#テスト
#佐美欣亮
#シルバー川柳"
2020-10-13 13:07:29+00:00,2003YUA01,"明日でテスト最後💦

これからコミュ英勉強とか遅すぎ…🤦‍♀️
ちゃんと覚えらますように🙏

今日も1日お疲れ様でした✨

まだまだ寝ないけどおやすみなさい⭐

早くテストおーわれっ！✡

#チャレガ
#テスト
#やばい♡ https://t.co/GkgiLjEI9y"
2020-10-13 12:53:25+00:00,iiwakeya,"テストが悪かったときの言い訳
【マークミス／回答欄を間違えた】
使いやすさ★　リアリティ★★
詳しい使い方はこちら→https://t.co/DzZvwdIJH2
#言い訳　#テスト"
2020-10-13 12:39:17+00:00,samikinsuke,"苦虫を永年噛んで歯も抜けた

#テスト
#佐美欣亮
#シルバー川柳"
2020-10-13 12:24:37+00:00,yurika9162,"#落書き　#テスト
英語のテスト解説の授業中に描いた落書き笑
点数低すぎて解説聞いてもよくわかんない https://t.co/Br9CT90gmB"
2020-10-13 12:16:19+00:00,abcxyz_meijyu,鹿児島県薩摩川内市、泰平寺。九州征伐時秀吉が御座所とし、島津義久と会見。島津降伏の舞台。が、島津は負けてはいない、実をとったのだ。家名を残し、後に幕末中央政権を倒すに至る。#ﾃｽﾄ  #九州 #観光 #鹿児島 https://t.co/3nN2M8FVol
2020-10-13 12:16:12+00:00,YudaiMori1,"中間テスト、全日程が終わった。
ひとまずは、学診→五木→中間、と3つの山場を乗り切った自分をほめたいと思う。
ここからは、行事関係の事が多くなるが、1つ1つ頑張っていきたい。
#中間テスト　#修学旅行　#生徒大会　#行事　#テスト 
#校外模試"
2020-10-13 12:09:21+00:00,samikinsuke,"わたしの手ひっぱらないであの世から

#テスト
#佐美欣亮
#シルバー川柳"
2020-10-13 12:04:18+00:00,yukiiiiiiii_o7,"やばいよ！明日から3日間テストだぁ😇
少しでもいい点数取れるといいなぁ…
#テスト #死亡"
2020-10-13 11:58:03+00:00,QBPNJuJlBAVCMLj,"#テスト

科学と人間生活
現代社会
日本史B

からリプに問題出題協力お願いします！拡散希望です！f外の人もどうぞよろしくお願いします！"
2020-10-13 11:51:13+00:00,Maaya0403Obana,"こんばんは🌙
#小花真彩 🦄♡です。

テスト終わりました٩(*´︶`*)۶
お家に帰ってきてから爆睡😪してしまいました💦

応援コメント・いいね💙たくさんありがとうございました(❁ᴗ͈ˬᴗ͈)
これからもヨロシクお願いします
(⋆ᵕᴗᵕ⋆)""☆*

📸プリクラ誰～😂

#テスト #爆睡 #よろしくお願いします https://t.co/b6j9qb4ZTx"
2020-10-13 11:44:49+00:00,tea_asphalt,"次回のテストで10位以内入らなかったら罰ゲームをその順位分行います！
【説明】
10位以内に入らなかったら罰ゲーム
例)　25位･･･25回の罰ゲームをする
顔公開や好きな人に対する言葉などどしどし送ってきてください！

#拡散希望 #罰ゲーム決め #テスト #罰ゲーム"
2020-10-13 11:39:17+00:00,samikinsuke,"若返り亡夫にすまぬ旅の宿

#テスト
#佐美欣亮
#シルバー川柳"
2020-10-13 11:33:32+00:00,nasuneko_1167_,"てかテスト終わったぁぁあ
頑張ったァァ
音楽でさ、D.S.の読み方
「デトロイト・スマッシュ」
って書いたけどあってるよね？
#テスト
#中間テスト
#テスト終わった
#褒めろ"
2020-10-13 11:20:38+00:00,FK055f1gmatXC11,"【Appテスト】iOS14動作検証について（後編）｜なぎせにき @FK055f1gmatXC11 #note #iOS #SE #システムエンジニア #テスト
https://t.co/nvqY48soME"
2020-10-13 11:19:56+00:00,FK055f1gmatXC11,【Appテスト】iOS14動作検証について（前編）｜なぎせにき @FK055f1gmatXC11 #note #iOS #SE #システムエンジニア #テスト https://t.co/8BulO7CeaB
2020-10-13 11:16:56+00:00,8BVxHzeaB9t1nx0,"久しぶりの投稿☪︎ *.
もうすぐテストなのでそれに向けて!!
最近は嫌なことばかりで勉強になかなか集中できない…(&gt;_&lt;)
だけどがんばる(  ´͈ ᵕ `͈ )و
#勉強垢 #勉強垢と繋がりたい #勉強 #勉強教えて #勉強垢始めました #勉強法 #テスト https://t.co/vGtEgfvnQE"
2020-10-13 11:09:23+00:00,samikinsuke,"いつもビリ天国行きもビリで良し

#テスト
#佐美欣亮
#シルバー川柳"
2020-10-13 11:08:59+00:00,CCreatorslab,"このTwitterは株式会社モンテカンポの「しあわせ品質研究所」の公式Twitterアカウントです。
もっと詳しく知りたい方は公式サイトまで！
→https://t.co/MSmvLCnvYB
#モンテカンポ　#テスト　#実機検証 #無料ラボ"
2020-10-13 11:03:44+00:00,IO_J_KO2005,"さぁて、テスト勉強本気出しますかなっと❗️
#テスト"
2020-10-13 10:55:24+00:00,TjA0eBYB0Nj4Jix,テースト #テスト #テースト
2020-10-13 10:39:17+00:00,samikinsuke,"主治医には 内緒 鍼灸まむし酒

#テスト
#佐美欣亮
#シルバー川柳"
2020-10-13 10:04:08+00:00,GOUJYU3,#機械設計　#2学期　#中間　#テスト https://t.co/8WwDzsGVtc
2020-10-13 09:51:14+00:00,RHnrdRFsN5TBxyT,"学校そんなに行ってないのに、
テストの点がよかった！！！

マジで、うれぴ〜( *¯ ³¯*)

#テスト
#テストよかった
#うれしい"
2020-10-13 09:49:50+00:00,tamakhinako325,"こんばんわ❕
木金月火とテストでした(&gt;&lt;)
やっと終わった︎✌('ω'✌)
帰りに友達とも遊んで楽しかった(≧∇≦)
しかも今週の日曜日ライブもあります٩(ˊᗜˋ*)و♪
めっちゃ楽しみ❕
良かったら見に来てね❕
#玉城ひなこ #テスト #友達 #ライブ #日曜日 https://t.co/X1eSMcQ4x6"
2020-10-13 09:45:22+00:00,catv10,あいうえお #テスト #試験
2020-10-13 09:42:28+00:00,oPs6gEHwwAM1tFb,"＃テスト
#60"
2020-10-13 09:33:10+00:00,gagalog_news,加齢に伴って脳に何が起こるのかを説明する神経科学とは？脳を鍛える方法！ #ガガログ https://t.co/w9PFjZRkvk #脳科学 #脳 #認知 #記憶力 #認知症 #頭脳 #プログラミング #勉強 #試験 #テスト #受験 #学生 #学校 #塾 #学習塾 #数学 #記憶力 #IQ #知能 #受験生 #学力
2020-10-13 09:30:42+00:00,imopotecha,"#Radiotalk #テスト https://t.co/sIw9e1cw94
難しいよな"
2020-10-13 09:15:33+00:00,catv10,5 #テスト #試験
2020-10-13 09:14:13+00:00,gXsxBtvbQlblI8G,"テストの問題用紙にお絵描き〜
#お絵かき #テスト https://t.co/OFpSOOj2CY"
2020-10-13 09:10:12+00:00,Finatext,"The Finatext Tech Blog を更新しました。

#ナウキャスト データエンジニアの @yummydum が、Factory patternでデータベースのテストを効率化する方法について紹介しています！

https://t.co/2jF0O23OsI

#Python #FactoryPattern #データベース #テスト #効率化 #Finatext"
2020-10-13 09:04:26+00:00,obenkyo42m,"どんな優れた辞書にも“成功”という字は“努力”の前には載りません
#テスト #勉学"
2020-10-13 08:41:45+00:00,bear69692959,"明日が中間テストじゃぁぉぁ！
いいねとRTで応援してw
今回結構勉強したんで自信あります！250点満点中235点以上狙うので応援してください！
#中間テスト
#テスト
#テストだるい
#テスト週間
#フォートナイト"
2020-10-13 08:39:17+00:00,samikinsuke,"あなたには言えない遊び軽い嘘
#テスト
#佐美欣亮
#シルバー川柳"
2020-10-13 08:09:21+00:00,samikinsuke,"おい！おまえ！いつしか妻の名を忘れ

#テスト
#シルバー川柳"
2020-10-13 08:04:22+00:00,VeriserveCorp,"【イベントのお知らせ】
10月16日に開催されるJaSST’20 Tokai（オンライン開催）にて、当社社員が講演を行います。

詳しくはこちら
https://t.co/30qvEuiDxG

#ベリサーブ #JaSST #開発プロセス #品質 #テスト"
2020-10-13 07:56:49+00:00,Rui_minion2846,"テスト終わった！！！！！！2日に渡った中間テストがようやく終わりました！！頑張りました！琉唯選手！！！！！(ﾟ∀ﾟﾉﾉ""☆ﾊﾟﾁﾊﾟﾁﾊﾟﾁ
皆様大きな拍手を！！
#テスト 
#中間テスト 
#頑張りました 
#ハッピー"
2020-10-13 07:44:40+00:00,imadokikeiosei,"成績厳しくて今にも泣きそうな人、助けてあげ…

る訳あれません、だって私もきついんだもの。

#勉強 #テスト #辛い #眠い #助ける #お互い頑張ろう"
2020-10-13 07:40:06+00:00,rekura_twit_2nd,"高校二次関数、3時間やっても意味不明状態。どうしよう・・・？今日の英語の塾休もうかな？化学と英表もまだ一切手をつけてない・・・モル計算あるのに・・・
#テスト
#勉強
#二次関数
#レクラのツイートスタジアム"
2020-10-13 07:39:17+00:00,samikinsuke,"還暦は鼻たれ小僧おらが村

#テスト
#佐美欣亮
#シルバー川柳"
2020-10-13 07:29:39+00:00,TjA0eBYB0Nj4Jix,てすっと #テスト #テースト
2020-10-13 07:22:01+00:00,h4DvC8hLXFFjuOD,"テスト期間ヤァ。。。だる。。、
#勉強
#テスト
#テスト勉強"
2020-10-13 07:18:53+00:00,plus1shinozaki,"テスト1週間前の高1生、自習開始
時間を大切に使おう
質問OKよ　提出物早めに終わらせよう
#質問　#自習　#試験　#テスト　#試験前　#自習室
#塾　#個別指導　#高校生　#中学生　#小学生　#受験　#補習　#瑞江　#篠崎　#南篠崎"
2020-10-13 07:13:58+00:00,arufa1234567,"#テスト よしっ2日目終わった〜
_(꒪ཀ꒪」∠)_明日でラストや〜"
2020-10-13 07:04:52+00:00,gkz_eiken2,"3問目の正解はこちらです！！

 【A3】〜を登録する

いかがでしたか？ 

#英検 #英単語 #英単語テスト #英検2級 #英語学習 #テスト"
2020-10-13 07:04:35+00:00,gkz_eiken2,"2問目の正解はこちらです！！

 【A2】〜を欠く

いかがでしたか？ 

#英検 #英単語 #英単語テスト #英検2級 #英語学習 #テスト"
2020-10-13 07:04:18+00:00,gkz_eiken2,"1問目の正解はこちらです！！

 【A1】故障して

いかがでしたか？ 

#英検 #英単語 #英単語テスト #英検2級 #英語学習 #テスト"
2020-10-13 07:02:56+00:00,gkz_eiken3,"3問目の正解はこちらです！！

 【A3】余分の

いかがでしたか？ 

#英検 #英単語 #英単語テスト #英検準1級 #英語学習 #テスト"
2020-10-13 07:02:37+00:00,gkz_eiken3,"2問目の正解はこちらです！！

 【A2】卓越した

いかがでしたか？ 

#英検 #英単語 #英単語テスト #英検準1級 #英語学習 #テスト"
2020-10-13 07:02:17+00:00,gkz_eiken3,"1問目の正解はこちらです！！

 【A1】〜を引き起こす

いかがでしたか？ 

#英検 #英単語 #英単語テスト #英検準1級 #英語学習 #テスト"
2020-10-13 06:39:17+00:00,samikinsuke,"来世も一緒ですワと妻の世辞

#テスト
#佐美欣亮
#シルバー川柳"
2020-10-13 06:23:04+00:00,Dreaven11,"あっという間に10月も半ばに差し掛かってきましたね😃今日も1件取材をしていただきました‼️Dreavenの理念が多くの人に知ってもらえると嬉しいです✨
＃世田谷　＃塾　＃学習塾　＃受験　＃受験勉強　＃テスト　＃テスト勉強"
2020-10-13 06:15:26+00:00,catv10,4 #テスト #試験
2020-10-13 06:09:22+00:00,samikinsuke,"三回忌頃から光る未亡人

#テスト
#佐美欣亮
#シルバー川柳"
